{
  "IcoMoonType": "selection",
  "icons": [
    {
      "icon": {
        "paths": [
          "M1081.034 32.647c22.118-21.172 51.553-32.876 82.093-32.644 30.538 0.232 59.794 12.383 81.591 33.889 21.798 21.506 34.433 50.684 35.241 81.378 0.809 30.693-10.277 60.503-30.915 83.136l-626.508 787.752c-10.774 11.667-23.776 21.029-38.23 27.528-14.454 6.497-30.063 9.999-45.893 10.294-15.831 0.294-31.558-2.623-46.241-8.579-14.684-5.956-28.022-14.828-39.217-26.085l-415.474-417.714c-11.57-10.839-20.85-23.91-27.287-38.435-6.437-14.523-9.898-30.202-10.177-46.099s2.63-31.689 8.553-46.431c5.923-14.743 14.739-28.136 25.921-39.379 11.183-11.242 24.503-20.106 39.167-26.061s30.37-8.879 46.183-8.599c15.812 0.28 31.406 3.761 45.853 10.231 14.445 6.472 27.447 15.802 38.228 27.434l328.799 330.414 545.329-698.557c0.982-1.215 2.030-2.375 3.14-3.473h-0.156z"
        ],
        "attrs": [
          {
            "fill": "rgb(244, 244, 253)"
          }
        ],
        "width": 1280,
        "isMulticolor": false,
        "isMulticolor2": false,
        "grid": 0,
        "tags": [
          "check"
        ]
      },
      "attrs": [
        {
          "fill": "rgb(244, 244, 253)"
        }
      ],
      "properties": {
        "order": 5,
        "id": 0,
        "name": "check",
        "prevSize": 32
      },
      "setIdx": 0,
      "setId": 0,
      "iconIdx": 0
    }
  ],
  "height": 1024,
  "preferences": {
    "showGlyphs": true,
    "showQuickUse": true,
    "showQuickUse2": true,
    "showSVGs": true,
    "fontPref": {
      "prefix": "icon-",
      "metadata": {
        "fontFamily": "icomoon"
      },
      "metrics": {
        "emSize": 1024,
        "baseline": 6.25,
        "whitespace": 50
      },
      "embed": false
    },
    "imagePref": {
      "prefix": "icon-",
      "png": true,
      "useClassSelector": true,
      "color": 0,
      "bgColor": 16777215,
      "classSelector": ".icon",
      "name": "icomoon"
    },
    "historySize": 50,
    "showCodes": true,
    "gridSize": 16
  }
}